Ship,ship_id,Total_Deaths,TotalBattles,TotalFrags,TotalWins
Vampire II,3760076144,456899,682499,575260,367617
Friesland,3760076080,687272,1026414,783888,541941
Småland,3655218480,642676,1096518,1019442,631619
Błyskawica '52,3540923696,2030,3865,4123,2361
Velos,3761124656,63397,93043,65465,47011
Ragnar,3550360880,362319,609617,519721,337469
Oväsen,3330159920,,,,
Jäger,3750638896,943149,1595090,1137546,824038
Tromp,3655218960,710288,1111123,790777,558930
Groningen,3761125136,657183,937697,651706,484316
Paolo Emilio,3761125104,413462,488589,442313,251157
Alberico da Barbiano,3550361328,140239,195546,142182,96550
[Gearing],3337500656,,,,
GQ Johnny,3436066800,21125,30590,20900,15794
Laffey,3550361584,135499,219767,163445,116980
Benham,3761125360,791276,1385736,1361825,780868
Halford,3750639600,108833,204832,117112,105508
Black,3551410160,594575,958873,732008,521095
Frank Friday,3352180720,,,,
Hull,3539875824,89006,159925,139628,86883
Somers,3760076784,496114,895968,750505,489351
Black B,3740153840,48481,71020,44747,36397
Johnston,3540924400,66182,102997,85278,56113
Forrest Sherman,3655219184,1147206,1609926,1093320,793208
Nanning,3540923600,10650,16254,13159,8595
Lüshun,3760075984,300377,473063,408166,257460
Lüshun B,3340645584,54617,78481,55748,39969
Kléber CLR,3445503824,34328,47943,39130,25371
Marceau,4074649424,1480154,2054485,1512452,1052743
Neustrashimy B,3341694416,3027,4332,2716,2165
Neustrashimy,3551409616,375634,628649,493011,334102
Khabarovsk,4179506640,971620,1571017,1231761,820938
[Grozovoi],3340645840,,,,
ZF-6,3740153648,263213,362543,278759,185502
Z-42,3655218992,243714,390489,313060,215885
Georg Hoffmann,3550361392,186104,269557,204905,141224
Z-44,3750639408,376239,561618,335723,272598
ZF-6 Golden,3551409968,2236,2968,2208,1533
Georg Hoffmann Golden,3539875632,18040,26514,21946,14403
Druid,3760076752,274078,413589,394149,228523
Somme,3750639568,141847,232060,185157,125549
Barfleur,3540924368,14519,24452,19205,12906
Hayate,3760076496,572909,794583,567448,393095
AL Shimakaze,3361617616,92002,148943,118416,77970
STAR Kitakaze,3362666192,33605,45351,33001,23144
Minegumo,3540924112,134869,217798,177344,115361
[Shimakaze],3338548944,,,,
Álvaro de Bazán,3760076208,349825,506751,339277,252939
La Pampa,3550360912,81064,134439,126359,72255
[Midway],3335501808,,,,
Franklin D. Roosevelt,3760175088,218529,655802,596593,342470
Piñatapolis,3330258928,,,,
Max Immelmann,3655317296,413370,1325253,1242547,685885
Werner Voss,3760174896,,,,
Süsshofen,3340744496,,,,
Ocean,3550459856,8163,28977,35653,17032
Malta,3760175056,447780,1131349,1037537,562139
[Audacious],3340744656,,,,
Shinano,3550459600,146960,471594,566308,265413
[Hakuryū],3333404368,,,,
Irresistible,3550426480,58514,109397,101242,56931
Karl XIV Johan B,3341759792,3995,5512,3767,2778
Niord,3540989232,109016,170396,150792,90759
Karl XIV Johan,3761190192,220393,320582,240036,164999
Willem de Eerste,3550426896,78953,121161,109222,62614
Marco Polo,3761190640,490642,774578,518237,387574
Pilus Prior,3551475440,11,15,10,7
Sicilia,3550426864,196822,304235,302990,162164
Pilus Posterior,3540989680,,,,
Giuseppe Verdi,3750704880,164312,236312,179778,123723
Tempesta Nera,3445569264,,,,
Ruggiero di Lauria,3760142064,317202,556682,520465,289675
Rhode Island B,3319740400,30010,48408,44778,25208
Rhode Island,3539941360,209030,338753,314729,178630
Ohio,3760142320,1572877,2494503,2284577,1328956
Kearsarge B,3666819056,72837,136320,104124,72005
BA Montana,3435083760,72413,125609,105002,64756
Indiana,3540989936,23434,37919,33210,20420
Arkansas Beta,4281284592,268280,494314,642914,285356
[Montana],3333371888,,,,
Wisconsin,3529455600,1019868,1672958,1493655,866339
AL Kearsarge,3362732016,51757,95558,64786,48493
Oregon,3550427120,144551,199428,180195,101108
Illinois,3729733616,205830,314805,258823,168925
Kearsarge,3750705136,1228289,2328866,1696706,1212878
Georgia,3530504176,2472349,3697711,3340346,1996023
Missouri,3761190896,2351697,3686654,3088741,1979381
Sun Yat-Sen,3740218576,130464,197425,140100,102509
Xuan Ming,3341759696,,,,
Xuan Wu,3552523472,4822,7757,5952,4078
Taihang,3551474896,163766,279948,239714,146624
Wujing,3750704336,208172,311507,207207,157828
Bajie,3761190096,259778,426634,307667,218566
Louchuan,3729732816,10518,18452,12665,9446
Jean Bart B,3666818896,1076305,1610192,1377525,849662
Jean Bart,3751753552,2811844,4284670,4026851,2293805
Roussillon,3551475536,,,,
Bourgogne,3760142160,1951186,3393808,3307281,1806691
BA Hovercraft,3436131792,22825,35902,33467,19995
Slava,3760141776,1229808,2355960,2047356,1214925
Zarya Svobody,3540989392,,,,
Navarin,3761190352,46014,64408,50689,33666
Sibir,3550426576,113249,146941,142185,80918
AL Sov. Rossiya,3551475152,108439,167837,111885,84965
Pommern,3761190704,1682886,2289538,1497351,1148839
Von Zuckerhoff,3319740208,,,,
[Grosser Kurfürst],3340711728,,,,
Pommern B,3666818864,110220,144301,89017,72166
Grosser Kurfürst,4179572528,5724124,8265367,5895716,4106735
Mecklenburg,3655284528,977951,1622653,1352839,842556
Incomparable,3655284688,690324,1007306,949263,528172
Marlborough,3761190864,252174,415946,284612,207968
Scarlet Thunder,3656333264,78817,126249,87129,64800
[Conqueror],3340711888,,,,
Thunderer,3760142288,2945108,5351169,4121149,2688095
Tsurugi,3719247568,46000,67637,51992,34237
Shikishima,3760142032,1282456,2311575,2042729,1230927
Aki,3539941072,,,,
Iwami,3740219088,509242,798883,515389,397465
Hotaka,3540989648,38162,51808,41970,27862
Musashi,3761190608,2302750,4195231,3963461,2338139
Iwami B,3708761808,33045,49991,32928,25176
Yamato Kai,3550426832,10046,16781,12784,8433
ARP Yamato,3560912592,294849,511679,387002,259030
Hizen,3750704848,201392,323675,222998,161257
Daisen,3729733328,151304,227337,178350,119382
[Yamato],3332323024,,,,
Victoria,3540989360,69283,118477,103262,62865
Comodoro,3256825168,,,,
Valparaíso,3540989264,117714,163052,174461,97763
Brisbane,3760108912,463516,677690,423439,337355
Brisbane B,3445536112,30020,41784,22449,20085
Hector,3761157488,36160,56318,40259,29807
Svea,3550393648,156871,264807,225826,144945
Prins van Oranje,3550394128,316445,518848,388802,268997
Prins van Oranje Golden,3539908368,38394,64278,51447,33964
Van Speijk,3761157904,37090,66335,50835,37639
Ferrante Gonzaga,3540956912,14162,25103,25320,14399
Napoli,3760109296,2190558,3114753,2217072,1576177
Napoli B,3676223216,126538,173231,122928,87508
Varese,3550394096,62824,86615,68727,46247
Michelangelo,3750672112,211882,301885,282930,171625
Messina,3530471152,,,,
Alaska,3760109552,1728203,2754849,2165879,1522268
Hawaii,3539908592,,,,
Cambridge,3540957168,26017,40766,36069,22168
Puerto Rico,3655251952,741779,1128104,744013,576901
Vallejo,3761158128,35156,57761,37360,30285
Salem,3550394352,2286594,3212859,2291716,1592560
Austin,3445536752,510632,786526,679120,408267
Tulsa,3750672368,141458,203569,131575,106187
Alaska B,3666786288,632233,964509,686111,519567
Puerto Rico B,3340679152,1838,2690,1992,1376
Zhuge's Inventions,3539907792,,,,
Tianjin,3540956368,58096,91298,61471,47934
Dalian,3761157328,94332,146878,93854,75422
Incheon,3550393552,46838,72827,57111,36867
Mengchong,3740185808,11582,16126,9456,8289
BA Utnapishtim's Ship,3436099408,27914,38459,30147,21266
Brennus,3550394192,91043,176727,159712,95377
Le Havre,3540957008,,,,
Amiral Lartigue,3529422672,29511,50813,41112,27331
Colbert,3760109392,605654,957052,853179,503584
Carnot,3761157968,229994,349932,218608,180561
Kozma Minin,3540956624,18527,29544,20237,15815
Sevastopol,3550393808,130951,222303,169172,116371
Smolensk,3655251408,2412314,3816582,3060163,1910873
Kronshtadt,3761157584,592443,1014941,817995,573382
Komissar,3445536208,101659,203037,169847,106420
PTRPVLSK,3330192848,,,,
Vyazma,3551442384,331151,421181,318202,219613
Moskva,4179539408,3204797,4926429,3102307,2469015
Smolensk B,3739137488,17626,27796,25261,14584
[Moskva],3340678608,,,,
Stalingrad,3760109008,2322335,3682662,3164241,2003497
Admiral Schröder,3740186416,206737,285806,210786,158381
Roon CLR,3446585136,15948,26594,15494,13594
Bremen,3539908400,,,,
Ägir,3750672176,1002991,1452956,932304,754154
Siegfried,3761157936,324654,514138,411077,283687
Hildebrand,3550394160,160364,369101,296686,202371
[Hindenburg],3340678960,,,,
Blücher,3530471216,104372,177209,137528,95348
AL Ägir,3352213296,48295,66244,37053,33242
AL Hindenburg,3361650480,37116,62056,39979,30208
Defence,3445536720,151984,237549,194446,123624
Gibraltar,3655251920,81266,125636,100538,65303
Plymouth,3760109520,200232,312511,245441,164742
Monmouth,4273911760,37321,59381,48322,30676
AL Azuma,3750672080,195295,365448,235736,188075
Suzuya Golden,3509499600,13645,22819,18585,12246
Yoshino,3749623504,2262968,3938503,2424258,1896957
Chikuma II,3540956880,105814,215089,156057,115884
Chikuma II Golden,3530471120,11228,24279,19733,13704
Yari,3550394064,,,,
Azuma B,3425613520,29720,51222,33597,26365
Yoshino B,3676223184,161754,268615,164807,128588
Suzuya VL,3499013840,41,69,87,45
BA Takahashi,3436099280,10426,16412,9282,8449
Suzuya,3519985360,13849,24003,22021,13304
[Zaō],3315513040,,,,
Azuma,3760109264,1610717,2950590,1954658,1524718
Zaō CLR,3361650384,9043,15600,11623,7893
Kushiro,3539908304,57916,101554,82848,53041
Kitakami,3655251664,125074,232651,205385,122339
Almirante Oquendo,3540956592,119552,190237,117395,96618
Archerfish,3549870064,178549,321169,228040,180226
Gato,3759585264,433988,684389,525271,359446
Surcouf,3549869904,,,,
U-4501,3759585072,938270,1733292,947935,879816
Seal,3549870032,60055,91087,60583,46494
BA Arona's Whale,3434526416,58634,83292,60034,42168
I-56 '44,3539384016,,,,
Admiral Orlov,3256858064,,,,
Utah,3256825840,,,,
Noord-Brabant,3267278608,,,,
Ravenna,3256792816,,,,
Södermanland,3256759600,,,,
Lübeck,3256760112,,,,
Otto Lilienthal,3256858416,,,,
Amerigo Vespucci,3256825584,,,,
Vrijheid,3256792848,,,,
Petrozavodsk,3256792528,,,,
Huron,3752736112,87906,125233,97523,68143
Haida,3763221872,207326,319795,267145,179539
Vampire,3767416176,160743,255926,324354,151804
Kalmar,3555603760,107080,177242,157898,96710
Stord '43,3543020848,49113,67781,39536,33847
Błyskawica '44,3552458032,23440,35488,31232,19566
Błyskawica,3769513264,1122243,1519235,991338,775074
Orkan,3762173232,159490,237739,167352,125221
FR25,3763222256,58393,77676,58967,40654
Leone,3764270832,118523,171755,119667,90014
Kidd,3762173936,619665,1019453,745747,560176
Hill,3765319664,261700,377207,375064,213422
Sims B,3668850672,88266,124497,76287,65371
DD 214,3556653040,6385,10354,21219,5830
Sims,4264441840,666204,974990,626942,511567
Monaghan,3764271088,209667,310001,244478,170197
Smith,3768465392,147392,201449,258145,104253
Fenyang,3751687376,85456,123530,86489,63535
Zhu Que,3552457936,2928,4667,3403,2457
Anshan,3764270288,554061,781261,560650,413184
Loyang,3762173136,636435,915169,577035,473669
Loyang B,3667801296,49986,72838,47625,38122
Siliwangi,4076745936,80303,115355,73505,58738
Ship Smasha,3541972176,15841,22556,15434,11459
Le Terrible,3762173776,235814,323922,261816,171645
Aigle,3764270928,789472,1057667,727618,541946
Siroco,3766368080,122921,172004,156199,94416
Leningrad,3763221968,501083,734737,566823,394768
Gremyashchy,4293801424,295449,497983,580253,295906
Provorny,3541972432,3074,5511,5640,3197
Okhotnik,3765319120,419565,553776,577277,306955
Tashkent '39,3752736208,45955,63937,49199,34212
Karl von Schönberg,3753785136,63433,89243,64107,47833
Z-39,3762173744,263163,411895,341974,230706
Z-35,3751687984,50179,70080,46250,36293
T-61,3764270896,481120,779704,839312,466017
Jupiter '42,3543021520,38050,64641,64732,37731
Cossack B,3667802064,188977,307279,269135,169890
Gallant,3764271056,502236,701320,494684,361650
Campbeltown,3767416784,255046,340910,338682,180186
Eskimo,3541972944,14582,22860,20849,12295
Cossack,3752736720,819558,1316872,1146938,721204
AL Yukikaze,3541972688,282848,452455,419670,243696
Kamikaze R,4267587280,1135811,1880559,2453461,1122850
Kamikaze,4268635856,329489,608648,863940,377483
Shinonome B,3669898960,38341,52017,43404,27320
Tachibana Lima,4280170192,72481,108781,160127,58988
Asashio,3751687888,1038859,1886960,1626739,1032581
HSF Harekaze,3552458448,392596,590713,421028,307723
Asashio B,3667801808,563148,1000275,874737,546608
Fūjin,4277024464,311276,551974,782808,341931
Yūdachi,3763222224,269990,443835,334917,238371
Tachibana,4293801680,188454,273351,405074,146078
HSF Harekaze II,3741202128,31841,48991,38427,25884
Shinonome,3554555600,706177,1022849,936657,563688
Juruá,3764270416,55333,78330,58833,41332
Aquila,3762271984,46999,133199,143509,74699
Hornet,3730814960,109382,300280,278576,155380
Enterprise,3751786480,156124,628909,719474,360460
AL Hornet,3353327600,10371,26339,25284,13553
Saipan B,3667900400,19653,60322,56599,32264
Saipan,3741300720,102703,389615,384065,207463
Sanzang,3762271440,32124,97187,86835,50299
Béarn,3764369232,100450,314295,354139,191750
Chkalov B,3667899856,37133,93761,78113,48392
Chkalov,3762271696,163520,468932,476878,259578
Erich Loewenhardt,3764369200,77453,262357,303750,159262
Graf Zeppelin,3751786288,209349,577841,490432,297724
Graf Zeppelin B,3667900208,85721,227120,191566,117733
Theseus,3542071248,29110,85086,74849,45689
Ark Royal,3751786448,181592,491675,461623,273587
Indomitable,3762272208,171605,576558,517441,303039
Colossus,3741300688,32818,102243,124120,59528
Kaga,3751786192,465473,1538898,1583264,842088
Kaga B,3667900112,125015,389841,399309,214765
Yukon,3763287408,68736,112408,105951,61998
Lugdunum,3553572144,54538,81931,79210,43778
Viribus Unitis,3766433072,144632,239091,264909,130734
Turgut Reis,3542037808,,,,
Marcantonio Colonna,3542038256,,,,
BA Binah,3437180656,12816,20932,23606,12167
Giulio Cesare,3765384944,687433,1437225,2150541,906136
Roma,3762239216,536420,881696,738767,473243
AL Littorio,3552524016,197377,316366,278844,169681
Volunteer State,3352246256,,,,
Texas,3555670000,755366,1305866,1133842,707490
Oklahoma,3765385200,154228,247894,232018,135060
Constellation,3730782192,121262,171976,127081,89938
Alabama ST,3552524272,4575,8309,9177,5010
Arizona,3764336624,433393,791512,760985,439284
Florida,3752802288,215323,340257,289468,181435
W. Virginia '41,3763288048,257952,431825,415066,240860
California,3553572848,120553,212296,170865,111154
Massachusetts B,3667867632,712752,1100015,1056977,616694
Alabama VL,3741267952,1766,3425,4227,2246
Tennessee,3542038512,151612,281647,282577,154894
North Carolina CLR,3447666672,80955,133518,112792,71178
Massachusetts,3751753712,1503313,2319712,2163284,1289573
Alabama,3762239472,719492,1202540,901186,621827
Alabama B,3437180912,14155,22036,16805,11259
West Virginia '44,3742316528,112004,167356,156040,90368
Teng She,3553572048,65324,102481,98688,55850
Dunkerque B,3669964624,164398,238998,234842,130933
Flandre,3730782032,165505,251413,215918,136542
Champagne,3741267792,184943,354984,340455,195097
Picardie,3720296272,24245,39661,32115,20276
Gascogne,3762239312,276954,477859,391634,251756
Strasbourg,3763287888,212193,301319,262843,160017
Dunkerque,3764336464,1006128,1476444,1289448,789812
Oktyabrskaya Revolutsiya,3765384656,881977,1562279,1553180,837768
Lenin,3751753168,576689,892511,912655,508908
Novorossiysk,3753850320,174781,279345,277156,150868
Borodino TE,3437180368,,,,
Imperator Nikolai I,4293866960,132364,247525,355958,153344
Poltava,3762238928,102651,160084,145484,86936
Arkhangelsk,3543086544,5458,9238,10154,5040
Borodino,3741267408,193695,283675,250271,160425
BA Tirpitz,3437180720,15476,21124,16631,11258
AL Bismarck,3353294640,11574,15746,12123,8250
Scharnhorst '43,3543086896,868730,1201283,918096,617754
Scharnhorst,3763287856,2043598,3170565,2815650,1672556
Brandenburg B,3730782000,34760,46858,39101,24569
Brandenburg,3751753520,355742,494813,426105,262948
Scharnhorst B,3668916016,183721,269229,224779,143681
Odin TE,3426694960,,,,
Anhalt,3741267760,167410,256183,171494,128760
Prinz Eitel Friedrich,3764336432,578876,887479,805311,476354
Schlieffen,3330225968,,,,
AL Prinz Heinrich,3752802096,24963,34561,35914,19135
Tirpitz,4292818736,3592742,5446209,3963198,2768337
Tirpitz B,3667867440,324662,454343,334831,233617
König Albert,3767482160,78663,156413,253677,97286
Wahnsinn,3342808880,,,,
Odin,3762239280,477484,686685,583050,370251
Vanguard,3762239440,250590,434948,331925,227517
Nelson,3752802256,935605,1504517,1399415,822927
Repulse B,3732879312,13680,20568,20994,11314
Renown '44,3721344976,118247,165398,157039,88908
Rodney,3543087056,35676,51816,55256,29012
Duke of York,3742316496,890239,1399857,1065675,710783
Royal Sovereign,3522115536,7414,10809,11808,5990
Repulse,3743365072,293829,447936,416534,241689
Hood,3763288016,434311,710965,601791,375833
Dreadnought,3767482320,125055,217110,311347,118322
Danu,3511629776,,,,
Agincourt,3765385168,409929,647040,999817,384224
Warspite,4292818896,818058,1362542,1201525,722882
Collingwood,3731830736,81176,118615,118551,64690
Ignis Purgatio,3374266064,30489,49693,40624,26162
HSF Hiei,3545183952,18420,31420,33212,17996
ARP Haruna,3553572560,286432,483258,396473,256795
ARP Hiei,3552523984,307470,513127,425393,275141
Ishizuchi,4286527184,419342,669815,759196,364771
Mikasa,4283381456,128960,222247,393190,125540
ARP Kirishima,3554621136,276063,476081,388829,254104
Kii,3762239184,476003,770148,603273,404395
Ragnarok,3363780304,25666,41424,32872,21672
Hyūga,3752802000,137882,242489,236446,133862
ARP Kongō,3555669712,535964,928518,820751,504619
Mutsu,3764336336,378497,613718,578337,336452
Ashitaka,3763287760,263018,421300,395474,227311
Ise,3743364816,238302,488923,433320,275393
Atlântico,3762238800,204477,302279,308179,168124
Rio de Janeiro,3765384528,134234,214947,253064,116946
Perth,3764303216,405949,603144,470471,330185
Sutlej,4293834096,14396,26741,128011,13017
Gambia,3543053680,77477,115762,87804,61019
River Gambra,3249452400,,,,
Mysore,3753817456,51466,80216,64263,44454
Elli,3764303152,24785,35246,25700,19273
Gryf,4188976432,107456,190479,610803,101608
De Zeven Provinciën,3762206480,208684,361109,256813,197546
Van Kinsbergen,4188976912,25417,40466,108937,17706
Statenland,3248404240,,,,
Admiraal,3258890000,,,,
Vrijheid,3552491280,13461,22844,19894,13077
Gorizia,3658397424,330189,516213,379292,273726
Duca degli Abruzzi,3763255024,155590,242142,174490,128039
Francesco Ferruccio,3752769264,38838,65256,59874,36725
Optio,3553539824,34220,47144,29052,23812
AL Gorizia,3354310384,4101,6925,6302,3814
Genova,3765352176,220156,280401,193487,146673
Eritrea,4188976880,40978,74593,245084,41507
Duca d'Aosta,3764303600,325602,444662,283281,231573
Anchorage,3751720944,216283,304278,189392,156448
San Diego,3720263664,245456,361322,263498,191192
Atlanta B,3679369200,109717,151071,113593,81047
Erie,4293834736,290750,440296,698285,224814
Rattlehead,3765352432,8801,12193,12475,6871
Congress,3741235184,118365,167449,106591,90446
AL Montpelier,3542005744,178203,260738,174330,138448
Marblehead,4248745968,446337,609951,529088,334547
Wichita,3762206704,198473,290859,211424,157027
Boise,3668883440,173359,258849,191495,137828
Albany,4291737584,103841,147935,143720,78017
Flint,3553540080,390735,573400,485686,315600
Indianapolis,3763255280,499162,683984,420941,348783
Rochester,3730749424,152950,230290,162182,122228
Protector,3531519984,52543,71020,49532,38304
Charleston,3767449584,318516,543119,835154,303076
Bridgeport,3552491504,9817,14227,11760,7756
Marblehead Lima,4247697392,136750,186588,166480,103145
Atlanta,4288591856,1971091,2698555,2050876,1412617
Lanzhou,3543053520,,,,
Wukong,3751720144,97085,128914,66677,62577
Chengan,4188976336,57909,97173,219511,53423
Narai,3542004944,,,,
Irian,3762205904,304325,442884,322984,231078
Huanghe,3764303056,326671,472985,348578,256626
Piñatian,3342775504,,,,
Ning Hai,3767448784,16303,24976,50675,12909
Bougainville,4188976976,86935,132569,264707,70664
Dupleix,3753817936,51348,66530,47898,35265
Bayard,3762206544,366412,560027,482334,307978
Toulon,3763255120,74213,105864,85042,58895
Montcalm,3544102736,14772,21831,19782,12383
De Grasse,3764303696,365838,499580,349407,264912
Metz,3552491344,397827,497662,308437,252931
Lazo B,3699291600,7847,11365,8446,6094
Varyag,3756963280,64838,93992,102589,50755
Kiberpankov,3437147600,,,,
Mikoyan,3754866128,232825,291947,169257,149953
Krasny Krym,3765351888,139750,185886,127026,98457
Ochakov,3741234640,93480,129340,79203,66666
Orlan,4188976592,259469,440814,677989,250483
Kirov,3744380368,396564,526533,397874,282881
Mikhail Kutuzov,3762206160,976867,1652524,1268148,885804
Dmitry Pozharsky,3709777360,137489,196948,123996,98943
AL Avrora,3746477520,20865,33668,67974,17286
Murmansk,4291737040,848754,1194601,1061421,647681
Oleg,3767449040,23868,36609,46031,20071
Bagration,3720263120,219,276,152,141
Pyotr Bagration,3730748880,124673,181817,109053,92709
Diana Lima,4284397008,19494,32820,54888,17800
Admiral Makarov,3659445712,126921,182266,129958,97483
Lazo,3751720400,448690,667935,439331,341611
Aurora,4293834192,91693,134403,158332,70035
Diana,4292785616,32695,49311,52167,26180
Molotov,3764303312,589282,802715,571640,421844
München B,3438196528,11344,15287,10420,7979
Mainz,3751720752,740481,1106441,765581,582030
Emden,3768497968,227308,349140,396008,191855
Admiral Graf Spee,3764303664,1306241,1954831,1406107,1067763
Schill,3741234992,55442,78523,55652,41996
Weimar,3752769328,147663,210773,175437,115652
Hermelin,4293834544,362031,652658,1606437,383429
Prinz Eugen,3762206512,692057,1031458,573760,526374
Mainz B,3667834672,90071,128068,86903,66284
Cross of Dorn,3542005552,40142,55519,36402,28679
Leipzig,3753817904,108185,147084,113452,78914
HSF Admiral Graf Spee,3554588464,148044,220992,153415,119846
Schill B,3342776112,465,613,417,312
Nürnberg '44,3543054128,,,,
München,3763255088,127504,184379,128630,97572
Wiesbaden,3531519792,55814,81530,57064,43364
Black Swan,4188977104,316677,520585,870175,287062
Cheshire,3762206672,97104,152397,105112,81933
AL Cheshire,3709777872,52282,81563,56328,42739
Belfast,3763255248,767900,1333236,1407221,787716
Hampshire,3730749392,54225,75905,49840,38301
Dido,3743332304,100606,143717,104788,76654
Orion '44,3544102864,10259,16283,16008,9608
Tiger '59,3751720912,54798,91520,68947,51828
Sinann,3552491472,,,,
Exeter,3765352400,247456,351747,281951,195066
London,3753818064,214426,295435,198236,156198
Nottingham,3720263632,30280,41021,26828,20821
Bóinn,3553540048,,,,
STAR Edinburgh,3363747792,11387,17629,12091,9376
Belfast '43,3741235152,118163,168483,102758,87102
Érne,3542005712,,,,
Yahagi,3765352144,196063,260903,189879,140086
Atago B,3667834576,237990,396147,290809,214176
Yūbari,4290688720,478236,682057,764205,373457
ARP Maya,3542005456,39011,67521,51080,37606
ARP Nachi,3522082512,186719,260397,163669,131455
Southern Dragon,3543054032,138180,192299,128977,98393
ARP Haguro,3551442640,312907,432688,263713,215294
ARP Myōkō,3555636944,458087,666654,477357,347709
Tokachi,3763254992,73200,99087,70142,51750
Iwaki Alpha,4267620048,28599,43510,60866,26222
Tone,4276008656,109360,208706,139753,111015
Maya,3752769232,99426,146359,117055,80601
Hashidate,4256085712,193357,314595,513409,168460
ARP Takao,3552491216,876022,1349068,872344,705330
Katori,3767449296,74102,113918,144502,63939
Atago,4255037136,2027981,3284630,2240680,1730378
Eastern Dragon,3532568272,11305,16072,10563,8300
ARP Ashigara,3553539792,217964,303206,186325,152383
Júpiter,4188976560,19644,31519,130474,13793
Numancia,3762206128,39210,57920,44149,30622
Canarias,3764303280,95280,132626,92863,70847
Comandante Aguirre,3552490832,1593,2359,2332,1373
Nueve de Julio,3763254608,132087,197819,151449,105340
Almirante Abreu,3768497488,4727,8723,17518,4932
Almirante Grau,3762206032,105040,165880,129836,89687
Hércules,4188976464,20417,36213,158692,17368
Xin Zhong Guo 14,3543577808,34100,52307,21727,27351
S-189,3761681872,150980,250202,122288,131001
Alliance,3761682384,59700,92370,36703,47362
I-56,3751196368,213451,286258,189854,145232
Affondatore,4283381488,,,,
Dalarna,4178457904,253778,397811,319250,204089
Skåne,4182652208,835175,1220777,738150,622741
Stord,4078843184,127054,168332,114204,87129
Grom,4077794608,199399,263543,182232,135567
Romulus,4186846512,94786,125627,117947,62194
Split,4076746032,282668,369008,243068,184171
Halland,4179506480,3139867,5091196,3674208,2579423
Västerås,4183700784,622343,884193,561705,460814
Tátra,4187895088,55847,78077,93205,36823
Östergötland,4180555056,1159658,1868633,1297967,937504
Gdańsk,4074648880,334038,472538,377419,246602
Visby,4184749360,506389,703617,454383,366336
Klas Horn,4185797936,127456,164122,132463,80795
Lambros Katsonis,4075697456,243762,316300,183067,155213
Muavenet,4079891760,81783,109937,75502,55809
Öland,4181603632,1057666,1570734,993469,783325
Turbine,4185798384,69442,98190,116096,52006
Attilio Regolo,4179506928,274365,413824,342468,216394
Adriatico,4180555504,261228,363609,235968,180709
Luca Tarigo,4182652656,244921,347719,268499,184580
Nazario Sauro,4186846960,30224,53991,106464,32197
Curtatone,4187895536,41190,79636,211877,48966
Aviere,4183701232,205005,302002,273480,168422
Maestrale,4184749808,158649,222474,205390,121610
Vittorio Cuniberti,4181604080,229783,327101,229135,167036
Benson,4286461936,2346472,3270010,2050612,1633761
Wickes,4266538992,817447,1009219,1036039,513472
Clemson,4274927600,1624372,2127245,2337581,1139290
Joshua Humphreys,4178458608,101772,146452,97220,72949
Nicholas,4280170480,2061598,2557343,1731469,1277977
Hughes,4256053232,81033,124143,104577,67747
Sampson,4292753392,347742,446536,448459,221348
Osborne,4255004656,49390,73814,60840,38833
Mahan,4288559088,2195739,2872827,1670305,1421632
Fletcher,4272830448,2718996,3918461,2743256,1970364
Christopher,4253956080,61967,88500,73184,46584
Gearing,4281219056,3770108,5547414,3751227,2742283
Burrows,4252907504,32979,49168,43753,26100
Farragut,4289607664,2091749,2677391,1588182,1348091
Jianwei,4184749264,470863,616010,404560,311000
Phra Ruang,4186846416,161004,232943,229432,121312
Fushun,4183700688,550779,762350,518661,397193
Shenyang,4185797840,346478,495258,550826,269353
Yueyang,4179506384,1282657,2028583,1559922,1052047
Longjiang,4187894992,122135,195649,273976,102392
Gadjah Mada,4182652112,709801,1017292,798380,538971
Kunming,4178457808,129248,185544,143101,93330
Chung Mu,4180554960,844538,1266950,974253,657380
Hsienyang,4181603536,718258,1014088,636462,506474
Kléber,4179507024,827547,1189721,963113,622860
Guépard,4183701328,483405,623446,446254,325604
L'Adroit,4279121744,85383,115013,85438,58225
Cassard,4284364624,150911,260544,259389,145372
Jaguar,4184749904,386575,514422,394048,269807
Mogador,4180555600,700360,956851,736158,490998
Fusilier,4186847056,61789,84755,99426,44514
Enseigne Gabolde,4187895632,35137,52209,83856,26889
Le Fantasque,4181604176,639368,857115,643968,443662
Vauquelin,4182652752,507058,660619,473293,342053
L'Aventurier,4275976016,111365,172445,152244,92783
Bourrasque,4185798480,86990,118244,128564,62647
Kléber TE,3435018064,,,,
Orage,4274927440,118617,180126,140588,94620
Le Hardi,4277024592,82083,124778,110778,68152
Duchaffault,4278073168,66758,107867,100952,62185
Grozovoi,4074649040,789182,1193588,865982,613040
Gnevny,4078843344,560269,725747,435965,369430
Zorkiy,4178458064,142635,266871,256001,149739
Podvoisky,4079891920,513003,627882,417609,316973
Izyaslav,4185798096,753204,927174,749401,470227
Delny,3864933840,125479,216663,155288,113855
Ognevoi,4076746192,667284,962170,597129,483423
Derzki,4186846672,624021,774438,863722,403678
Udaloi,4182652368,709927,1047403,750060,538105
Tashkent,3865982416,850294,1225551,753950,604328
Kiev,3971888592,773777,1060574,653199,530312
Minsk,4077794768,690994,915787,590482,469967
Storozhevoi,4187895248,264982,349742,418690,181307
Z-31,4077795120,390605,557183,341697,285195
V-25,4187895600,451817,695582,1305925,388151
Ernst Gaede,4183701296,1457879,1891334,1175652,966108
T-22,4184749872,1234695,1589412,993095,793289
Leberecht Maass,4182652720,1030381,1382288,932436,709183
Elbing,4074649392,614332,911920,667632,448962
Felix Schultz,4075697968,515730,718735,453303,346872
Z-23,4181604144,1147355,1572099,941589,785817
Z-52,4179506992,1465375,2074879,1374517,1050742
Gustav-Julius Maerker,4076746544,444725,595679,349623,286429
Z-57,4178458416,,,,
Z-46,4180555568,1127070,1603388,1110553,819014
G-101,4186847024,425764,552557,592808,285266
V-170,4185798448,869593,1138657,1076060,590500
Daring,4179507152,1300899,2097577,1784591,1129759
Jutland,4180555728,976538,1545145,1154254,804295
Lightning,4181604304,1173350,1704907,1287560,887093
Jervis,4182652880,823427,1143879,867879,601129
Icarus,4183701456,727925,993437,685768,516721
Acasta,4184750032,528110,688457,451124,347818
Wakeful,4185798608,199021,263836,262748,135948
Valkyrie,4186847184,104206,155522,219048,86915
Medea,4187895760,50530,80184,127105,42419
Akizuki,4181604048,3055125,4311419,3439616,2261276
Yamagiri,4178458320,930891,1400011,1068248,706182
Akatsuki,4182652624,2835054,3863018,2558237,1920756
Umikaze,4292753104,550173,825436,917066,442884
Kitakaze,4065212112,3473103,5005730,4083655,2626221
Shiratsuyu,4077795024,1759775,2690590,2148524,1434198
Fubuki,4183701200,2203008,2966886,1831570,1469328
Yūgumo,4075697872,2725763,3951454,2664986,1934078
Isokaze,4291704528,1783156,2426291,2241033,1246505
Wakatake,4269684432,680810,888074,714753,448099
Harugumo,4074649296,1823837,2492044,1796608,1232616
Hatsuharu,4078843600,1298681,1891812,1386855,1000974
Shimakaze,4282267344,8183665,12571074,9228647,6267292
Mutsuki,4184749776,1299219,1798355,1118601,892160
Minekaze,4290655952,2496790,3504717,2926724,1820508
Kagerō,4076746448,2708613,3848811,2472442,1887365
Langley,4185896944,383913,905702,687833,468007
Midway,4179605488,688955,2291209,2063272,1136133
Lexington,4181702640,761773,2399141,2027478,1205627
United States,4178556912,216916,539240,586494,271605
Yorktown,4265588720,274203,811405,571124,414639
Independence,4267685872,147789,398972,225077,201097
Ranger,4183799792,767645,1863627,1244360,932030
Essex,4273977328,253653,763236,740586,402560
Admiral Nakhimov,4179604944,405645,1034210,952628,525298
Pobeda,4181702096,307719,848402,681946,427533
Serov,4183799248,331372,884210,659775,455031
Komsomolets,4185896400,108295,246280,168673,124480
Manfred von Richthofen,4179605296,247370,849419,860225,447967
August von Parseval,4181702448,312859,992793,837939,505944
Weser,4183799600,331689,981184,657644,496774
Rhein,4185896752,199939,528768,416583,279650
Eagle,4178556880,128146,374075,420252,195760
Implacable,4181702608,326585,1083046,815065,534054
Furious,4183799760,405139,1136688,852574,587944
Hermes,4081039312,170268,439138,343149,231204
Audacious,4074747856,228772,768796,682223,384553
Hakuryū,4179605200,436085,1600758,1584465,821550
Ryūjō,4183799504,616298,2053267,1795724,1086614
Sekiryu,4178556624,49758,146023,173343,77163
Hōshō,4185896656,329911,903141,806558,477635
Shōkaku,4181702352,572789,2035473,1767100,1025478
Thor,4284429616,,,,
Enigheten,4276041008,,,,
Chios,4277089584,,,,
Yavuz Sultan Selim,4280235312,,,,
Gustav den Store,4274992432,,,,
Francesco Caracciolo,4182718192,718825,1142863,914946,592906
Dante Alighieri,4185863920,131509,216508,289000,112710
Cristoforo Colombo,4179572464,2175274,3581053,3358766,1861036
Lepanto,4180621040,787277,1239209,847403,618930
Vittorio Veneto,4181669616,760545,1200198,866298,611739
Andrea Doria,4183766768,474642,726529,578870,367731
Conte di Cavour,4184815344,373299,573796,547561,290624
Iowa 2,3331274736,,,,
New Mexico,4259264496,2743033,4701362,3495593,2377682
Iowa,4276041712,3816145,5983611,3868191,2907336
Maine,4178524144,334001,581196,571617,302731
New York,4288624624,1997866,3303423,2238176,1627979
Montana,4277090288,5591808,9426615,7447396,4702123
Vermont,4179572720,1264963,2263132,2042989,1176797
North Carolina 2,3248437232,,,,
Colorado 2,3249485808,,,,
South Carolina,4293867504,704503,1132643,942062,559714
Montana 2,3330226160,,,,
Louisiana,4074715120,193006,370434,289123,191221
Minnesota,4180621296,732898,1237809,855014,610708
North Carolina,4282333168,4113762,6644693,4417226,3269055
Wyoming,4290721776,1556869,2620408,2342661,1329316
Colorado,4286527472,2943972,5022204,3515121,2490937
Delaware,4075763696,224532,398142,276652,206808
Nebraska,4076812272,290694,488257,345055,250329
Kansas,4181669872,779141,1284005,846139,639350
Patrie,4178523984,401915,662971,653084,342142
Lyon,4182718288,1516995,2561449,2310254,1328952
Alsace,4180621136,1830496,2776508,2078123,1394960
Richelieu,4181669712,1879638,2800777,2123235,1444503
République,4179572560,2186907,3611469,3048523,1811426
Normandie,4183766864,933009,1553615,1349738,812587
Courbet,4185864016,187936,300051,300959,151265
Turenne,4186912592,117914,195184,204099,100934
Bretagne,4184815440,593972,926854,724850,462608
Sinop,4182717904,1293971,1949755,1777405,1034450
Knyaz Suvorov,4186912208,121904,201681,262725,107275
Kremlin,4179572176,1900636,2903094,2390558,1523360
Pyotr Velikiy,4184815056,698134,1040527,928525,540131
Izmail,4183766480,1108140,1662020,1601030,884447
Sovetsky Soyuz,4180620752,1355934,2010339,1473172,1022596
Admiral Ushakov,4178523600,121071,178069,148051,93314
Vladivostok,4181669328,1487598,2251041,1837269,1186081
Gangut,4185863632,207733,333358,435993,175577
Prinz Rupprecht,4075763504,1172036,1500450,1099545,768140
Bismarck,4181669680,5644922,8338765,5667719,4206133
Kaiser,4185863984,862164,1494243,1554778,776909
Preussen,3969857328,1017603,1452455,979654,721285
Hannover,4178523952,500994,669321,497085,335693
Gneisenau,4182718256,3232806,4836061,3471897,2437830
Nassau,4186912560,517592,873739,1030269,464260
Derfflinger,4079957808,384880,559822,488838,290117
Prinz Heinrich,4077860656,918626,1240871,1024141,649257
Von der Tann,4082054960,72870,124740,186874,65845
Bayern,4183766832,2134735,3471773,2496955,1741576
Zieten,4076812080,892071,1161437,861597,595583
Moltke,4081006384,132227,208856,266216,107291
Schlieffen,4074714928,2911895,3659975,2812053,1854205
Mackensen,4078909232,516629,725188,626560,382933
Friedrich der Grosse,4180621104,3217347,4628401,2760784,2250465
König,4184815408,1762054,2942714,2391697,1519148
Prinz Sigismund,3257874224,,,,
Orion,4185864144,467442,837492,1052406,456077
St. Vincent,4074715088,941890,1467255,1246610,771848
Renown,4078909392,347684,476494,378835,241434
Indefatigable,4082055120,26898,46437,73032,23774
Iron Duke,4184815568,985306,1617182,1331843,826342
Duncan,4075763664,539430,801255,591902,412957
Tiger,4079957968,281715,414165,400893,214461
Monarch,4181669840,1513753,2443239,1649243,1227262
Cumberland,3445569488,,,,
Lion,4180621264,1257883,2194241,1388589,1080658
Hawke,4076812240,474285,679716,541324,349917
Devastation,4178524112,128905,241645,198242,121651
Queen Mary,4081006544,85775,134662,173476,69066
Queen Elizabeth,4183766992,1123684,1801627,1281779,905238
Bellerophon,4186912720,226432,382426,423019,198078
King George V,4182718416,1690929,2836884,2310261,1472229
Rooke,4077860816,521531,743389,660626,390729
Conqueror,4179572688,2478297,4714371,3569677,2371995
Izumo,4272895696,2698028,4171781,2483664,2017038
Amagi,4281284304,3048291,5165654,3732162,2622542
Kawachi,4293867216,549337,848576,728457,423170
Bungo,4074714832,548247,987108,975284,525524
Adatara,4075763408,349956,567528,406644,287935
Kongō,4287575760,2064623,3479773,2449136,1752380
Myōgi,4291770064,1043641,1711103,1179233,831704
Yamato,4276041424,7167820,12039047,8951259,5982034
Yumihari,4076811984,383142,581846,453436,295471
Satsuma,4178523856,829712,1519799,1322899,770609
Nagato,4284430032,3050223,5075985,3666546,2535809
Fusō,4288624336,2896934,5131276,4249622,2662830
Ipiranga,4276041040,615872,835166,636220,426625
Los Andes,4274992464,504493,692615,601146,365925
Libertad,4284429648,932049,1245170,1134599,649464
Balao,4074158064,865188,1434429,827494,735490
Balao 2,3340154864,,,,
Cachalot,4078352368,703223,1050165,503792,534885
Salmon,4076255216,696658,1108966,586929,579209
K-1,4179015120,61196,101674,55780,52670
L-20,4181112272,72435,110814,46455,56447
S-1,4183209424,135873,210342,71434,106889
U-2501,4074157872,968739,1533184,773114,767194
U-190,4076255024,1076719,1675374,760897,855909
U-69,4078352176,1133188,1791572,952192,932247
Thrasher,4179015632,306214,436621,220570,214094
Sturdy,4181112784,315006,451333,186134,225465
Undine,4183209936,419360,625744,302201,316966
Caradoc,4281251184,27339,39999,75223,19612
Port Jackson,4282299760,12085,21486,41995,11294
Encounter,4274959728,195222,309735,214635,160498
Auckland,4276008304,195208,276416,191957,142631
Delhi,4279154032,144612,203110,191849,108935
Dunedin,4280202608,39020,52908,71385,26613
Uganda,4277056880,161489,223632,150587,113228
Hobart,4278105456,128151,184861,146159,98764
Cerberus,4284396912,224977,392645,311906,202308
Celebes,4184782608,219933,299197,210130,156479
Kijkduin,4183734032,379938,515147,300563,265480
Menno van Coehoorn,4274960144,242478,375343,234856,189201
Johan de Witt,4180588304,633349,972866,591150,503765
Haarlem,4181636880,608250,900715,512779,467903
Jaarsveld,4276008720,347980,499488,274678,251477
Utrecht,4284397328,374020,608944,476505,311325
Java,4186879760,35113,56503,87450,29842
Gouden Leeuw,4179539728,1645504,2509569,1808960,1299140
Eendracht,4182685456,545990,754112,457538,385271
Gelderland,4187928336,16503,26566,37739,13061
De Ruyter,4185831184,114466,164224,183015,87805
Piemonte,4178491120,69702,128190,126835,66837
Taranto,4186879728,103638,138983,153100,69012
Venezia,4179539696,1848049,3674204,2958364,1897934
Trento,4183734000,810010,1079485,642427,545219
Nino Bixio,4187928304,59415,85054,97743,42591
Raimondo Montecuccoli,4184782576,544615,734544,457900,380448
Brindisi,4180588272,1025940,1706712,1108014,852685
Zara,4182685424,833201,1261123,856751,650219
Amalfi,4181636848,1058093,1587178,1016490,809674
Alberto di Giussano,4185831152,196552,257033,248568,132373
Pensacola,4183734256,1275433,1677757,899948,845979
Chester,4292786160,344702,469487,362370,231143
Dallas,4078876656,984298,1340430,768495,689359
Phoenix,4269717488,1413707,1839580,1392740,924487
Des Moines,4273911792,5093670,7400566,5689269,3802676
Worcester,4074682352,2085371,3255682,2268854,1635803
Buffalo,4180588528,1724019,2401471,1266135,1167695
St. Louis,4290689008,1366635,2088145,2254957,1123011
Seattle,4075730928,1317195,1957135,1029357,963802
Baltimore,4181637104,2030594,2712135,1491775,1369279
Jacksonville,4283348976,118827,197072,204278,106255
Helena,4077828080,1125286,1553403,1026300,795789
Omaha,4289640432,3342510,4333808,2952566,2211202
Cleveland,4076779504,2399574,3328746,1968166,1693580
Annapolis,4178491376,719411,1087599,1031924,559560
New Orleans,4182685680,1327803,1819376,995930,898773
Jinan,4179539152,1091960,1635740,1202374,804179
Harbin,4181636304,483387,662206,396009,329611
Chumphon,4182684880,484608,649398,380003,324902
Rahmat,4183733456,370791,486829,286611,246356
Sejong,4180587728,559137,803197,484477,395910
Chungking,4184782032,193960,251399,160317,126976
Cherbourg,4076779344,526272,724210,472993,382470
Marseille,4074682192,678080,1024121,832814,542410
Duguay-Trouin,4185831248,566978,751988,690221,396252
Condé,4178491216,544740,921922,948280,476483
Algérie,4182685520,1378650,1945870,1197325,978436
Friant,4186879824,383319,512772,545837,266115
Brest,4075730768,541101,740176,471273,384180
Émile Bertin,4184782672,1155285,1515301,1024793,797911
Charles Martel,4181636944,1532103,2214149,1412745,1131573
Saint-Louis,4180588368,1094555,1697343,1019408,843131
Henri IV,4179539792,1308407,2204007,1702618,1113243
La Galissonnière,4183734096,1344502,1749524,1020581,882663
Jurien de la Gravière,4187928400,113892,168878,162827,89026
Svietlana,4185830864,739617,969656,805206,502995
Budyonny,4183733712,1843624,2536580,1705445,1305610
Petropavlovsk,3969824208,2289110,3445690,2536440,1818836
Alexander Nevsky,4074681808,925057,1635607,1099276,829019
Dmitri Donskoi,4180587984,1703069,2709384,1577137,1364878
Riga,4075730384,1054279,1542376,860103,774779
Chapayev,4181636560,1741642,2456985,1442197,1233792
Novik,4187928016,136962,202448,206078,106035
Vladimir Monomakh,3267278288,,,,
Tallinn,4076778960,1040400,1395604,769097,695922
Novosibirsk,4178490832,105830,155722,137399,80863
Shchors,4182685136,2230548,3063093,1999452,1534441
Bogatyr,4186879440,400772,599930,681299,325245
Kotovsky,4069438928,370715,466141,278574,234229
Clausewitz,4178491184,230696,402740,317786,198952
Prinz Adalbert,4284397360,68501,90662,78443,48651
Admiral Hipper,4181636912,2852342,4033027,1986461,1972648
Dresden,4292785968,363348,551606,599173,296376
Knesebeck,4276008752,35736,47844,38568,26009
Admiral Scheer,4277057328,55141,69577,48429,35757
Nürnberg,4183734064,3281002,4350390,2442379,2158863
Deutschland,4278105904,140636,175275,123689,91776
Roon,4180588336,2007320,3386978,1817573,1666692
Yorck,4182685488,2564653,3629628,2069516,1800485
Königsberg,4184782640,2883811,3845216,2754074,1990824
Kolberg,4186879792,732231,976741,806004,484925
Manteuffel,4274960176,75803,99756,83229,54425
Hindenburg,4179539760,4170279,6944060,4669963,3393916
Karlsruhe,4185831216,1076946,1373834,933005,679569
Caledon,4186879952,421472,559848,541408,285720
Drake,4075730896,580987,956564,615043,492346
Hawkins,4079925200,384805,497393,276337,251078
Edinburgh,4181637072,1910581,2829623,1803208,1440258
Surrey,4077828048,502242,741300,496123,385159
Albemarle,4076779472,635883,916320,561772,467177
Edgar,4178491344,295463,457318,410878,230158
Fiji,4182685648,2102817,3140999,2591003,1643583
Danae,4185831376,718054,909064,759936,464554
Minotaur,4179539920,3513531,5422900,4603976,2791107
Devonshire,4078876624,560762,748026,485644,387817
Leander,4183734224,1569154,2252836,1700839,1184485
Weymouth,4187928528,154202,231470,225029,122060
Goliath,4074682320,544376,946398,678271,484774
Neptune,4180588496,1860674,2691642,1769038,1336651
Emerald,4184782800,1132689,1427886,835158,703847
Takahashi,4075730640,303253,468223,269697,237836
Yodo,4074682064,380694,604249,417826,300832
Ibuki,4282300112,1753487,2835364,1620765,1392231
Chikuma,4258182864,347231,497360,454450,259344
Shimanto,4076779216,335895,473916,290926,241175
Aoba,4287542992,2137656,2954392,1729164,1490946
Zaō,4259231440,3038739,5367518,4093896,2684250
Tenryū,4279154384,827431,1093848,966354,548752
Gokase,4078876368,276014,359948,235420,183917
Omono,4077827792,301961,407215,255371,205203
Kuma,4281251536,1602159,2105262,1892136,1094194
Mogami,4285445840,2783298,4012053,2470301,2006067
Myōkō,4286494416,2311549,3340869,2124100,1680843
Agano,4079924944,255575,324461,226820,163105
Furutaka,4289640144,2073802,2731952,1601198,1379177
Asturias,4182685104,296223,396358,253511,202441
Cataluña,4181636528,314100,443864,306667,229527
Galicia,4184782256,153623,192142,137613,96049
Baleares,4183733680,173216,225452,145919,116137
Navarra,4186879408,18960,29464,46318,14025
Méndez Núñez,4187927984,24733,42774,79096,22194
Almirante Cervera,4185830832,74298,101189,140547,51974
Castilla,4179539376,376408,601616,475157,305407
Andalucía,4180587952,307620,449065,282290,226411
Santander,4180587856,247449,347975,203679,177023
San Martín,4179539280,290616,459460,362175,244930
Ignacio Allende,4181636432,289827,405943,258422,209036
Coronel Bolognesi,4182685008,270267,361835,242375,183488
Almirante Cochrane,4183733584,232929,326330,241733,172786
La Argentina,4184782160,229229,299104,261040,155865
Córdoba,4185830736,61242,86034,122971,45193
Vicente Guerrero,4186879312,25818,39668,57263,18952
Almirante Barroso,4187927888,9828,18263,40336,10084
,,,,,

